date,gasoline_price,crude_oil_price,usd_krw,tax_or_supply_feature
2025-01-01,1700.0,75.0,1350.0,0
2025-01-02,1700.7,75.07,1350.5,0
2025-01-03,1701.39,75.13,1351.0,0
2025-01-04,1702.08,75.2,1351.49,0
2025-01-05,1702.75,75.26,1351.99,0
2025-01-06,1703.4,75.33,1352.47,0
2025-01-07,1704.02,75.39,1352.96,0
2025-01-08,1704.62,75.45,1353.43,0
2025-01-09,1705.19,75.51,1353.89,0
2025-01-10,1705.72,75.56,1354.35,0
2025-01-11,1706.21,75.62,1354.79,0
2025-01-12,1706.66,75.67,1355.23,0
2025-01-13,1707.06,75.72,1355.65,0
2025-01-14,1707.42,75.76,1356.05,0
2025-01-15,1707.73,75.8,1356.44,0
2025-01-16,1707.99,75.84,1356.82,0
2025-01-17,1708.2,75.88,1357.17,0
2025-01-18,1708.36,75.91,1357.51,0
2025-01-19,1708.47,75.93,1357.83,0
2025-01-20,1708.53,75.95,1358.13,0
2025-01-21,1708.55,75.97,1358.41,0
2025-01-22,1708.52,75.99,1358.67,0
2025-01-23,1708.44,75.99,1358.91,0
2025-01-24,1708.33,76.0,1359.13,0
2025-01-25,1708.18,76.0,1359.32,0
2025-01-26,1707.99,76.0,1359.49,0
2025-01-27,1707.78,75.99,1359.64,0
2025-01-28,1707.54,75.97,1359.76,0
2025-01-29,1707.27,75.96,1359.85,0
2025-01-30,1707.0,75.94,1359.93,0
2025-01-31,1706.71,75.91,1359.97,0
2025-02-01,1706.41,75.88,1360.0,0
2025-02-02,1706.11,75.85,1360.0,0
2025-02-03,1705.81,75.81,1359.97,0
2025-02-04,1705.52,75.77,1359.92,0
2025-02-05,1705.25,75.72,1359.84,0
2025-02-06,1704.99,75.68,1359.74,0
2025-02-07,1704.75,75.62,1359.61,0
2025-02-08,1704.54,75.57,1359.46,0
2025-02-09,1704.36,75.52,1359.29,0
2025-02-10,1704.22,75.46,1359.09,0
2025-02-11,1704.11,75.4,1358.87,0
2025-02-12,1704.04,75.33,1358.63,0
2025-02-13,1704.02,75.27,1358.37,0
2025-02-14,1704.04,75.21,1358.08,0
2025-02-15,1704.11,75.14,1357.78,0
2025-02-16,1704.23,75.07,1357.46,0
2025-02-17,1704.4,75.01,1357.11,0
2025-02-18,1704.62,74.94,1356.75,0
2025-02-19,1704.89,74.88,1356.38,0
2025-02-20,1705.21,74.81,1355.98,0
2025-02-21,1705.57,74.74,1355.58,0
2025-02-22,1705.98,74.68,1355.16,0
2025-02-23,1706.44,74.62,1354.72,0
2025-02-24,1706.94,74.56,1354.27,0
2025-02-25,1707.47,74.5,1353.82,0
2025-02-26,1708.04,74.44,1353.35,0
2025-02-27,1708.65,74.39,1352.87,0
2025-02-28,1709.28,74.34,1352.39,0
2025-03-01,1709.93,74.29,1351.9,0
2025-03-02,1710.6,74.24,1351.41,0
2025-03-03,1711.29,74.2,1350.91,0
2025-03-04,1711.98,74.16,1350.42,0
2025-03-05,1712.68,74.13,1349.92,0
2025-03-06,1713.38,74.1,1349.42,0
2025-03-07,1714.08,74.07,1348.92,0
2025-03-08,1714.76,74.05,1348.42,0
2025-03-09,1715.42,74.03,1347.93,0
2025-03-10,1716.07,74.02,1347.44,0
2025-03-11,1716.69,74.01,1346.96,0
2025-03-12,1717.28,74.0,1346.49,0
2025-03-13,1717.84,74.0,1346.03,0
2025-03-14,1718.37,74.0,1345.57,0
2025-03-15,1718.85,74.01,1345.13,0
2025-03-16,1719.29,74.02,1344.7,0
2025-03-17,1719.69,74.04,1344.28,0
2025-03-18,1720.04,74.06,1343.88,0
2025-03-19,1720.34,74.09,1343.49,0
2025-03-20,1720.59,74.12,1343.12,0
2025-03-21,1720.79,74.15,1342.77,0
2025-03-22,1720.95,74.19,1342.43,0
2025-03-23,1721.05,74.23,1342.11,0
2025-03-24,1721.1,74.27,1341.82,0
2025-03-25,1721.11,74.32,1341.54,0
2025-03-26,1721.07,74.37,1341.28,0
2025-03-27,1720.99,74.42,1341.05,0
2025-03-28,1720.87,74.48,1340.84,0
2025-03-29,1720.71,74.54,1340.65,0
2025-03-30,1720.52,74.6,1340.48,0
2025-03-31,1720.31,74.66,1340.34,0
2025-04-01,1720.06,74.72,1340.22,0
2025-04-02,1719.8,74.79,1340.13,0
2025-04-03,1719.51,74.85,1340.06,0
2025-04-04,1719.22,74.92,1340.02,0
2025-04-05,1718.92,74.98,1340.0,0
2025-04-06,1718.62,75.05,1340.01,0
2025-04-07,1718.33,75.12,1340.04,0
2025-04-08,1718.04,75.18,1340.09,0
2025-04-09,1717.77,75.25,1340.18,0
2025-04-10,1717.51,75.31,1340.28,0
2025-04-11,1717.28,75.37,1340.41,0
2025-04-12,1717.07,75.44,1340.56,0
2025-04-13,1716.9,75.49,1340.74,0
2025-04-14,1716.76,75.55,1340.94,0
2025-04-15,1716.66,75.61,1341.17,0
2025-04-16,1716.6,75.66,1341.41,0
2025-04-17,1716.59,75.71,1341.68,0
2025-04-18,1716.62,75.75,1341.96,0
2025-04-19,1716.7,75.79,1342.27,0
2025-04-20,1716.82,75.83,1342.6,0
2025-04-21,1717.0,75.87,1342.94,0
2025-04-22,1717.23,75.9,1343.31,0
2025-04-23,1717.5,75.93,1343.69,0
2025-04-24,1717.83,75.95,1344.08,0
2025-04-25,1718.2,75.97,1344.49,0
2025-04-26,1718.62,75.98,1344.92,0
2025-04-27,1719.09,75.99,1345.35,0
2025-04-28,1719.59,76.0,1345.8,0
2025-04-29,1720.13,76.0,1346.26,0
2025-04-30,1720.71,76.0,1346.73,0
