date,diesel_price,singapore_diesel_price,usd_krw,tax_or_supply_feature
2025-01-01,1600.0,90.0,1350.0,0
2025-01-02,1600.7,90.07,1350.5,0
2025-01-03,1601.4,90.13,1351.0,0
2025-01-04,1602.1,90.2,1351.49,0
2025-01-05,1602.8,90.26,1351.99,0
2025-01-06,1603.4,90.33,1352.47,0
2025-01-07,1604.0,90.39,1352.96,0
2025-01-08,1604.6,90.45,1353.43,0
2025-01-09,1605.2,90.51,1353.89,0
2025-01-10,1605.7,90.56,1354.35,0
2025-01-11,1606.2,90.62,1354.79,0
2025-01-12,1606.7,90.67,1355.23,0
2025-01-13,1607.1,90.72,1355.65,0
2025-01-14,1607.4,90.76,1356.05,0
2025-01-15,1607.7,90.8,1356.44,0
2025-01-16,1608.0,90.84,1356.82,0
2025-01-17,1608.2,90.88,1357.17,0
2025-01-18,1608.4,90.91,1357.51,0
2025-01-19,1608.5,90.93,1357.83,0
2025-01-20,1608.5,90.95,1358.13,0
2025-01-21,1608.5,90.97,1358.41,0
2025-01-22,1608.5,90.99,1358.67,0
2025-01-23,1608.4,90.99,1358.91,0
2025-01-24,1608.3,91.0,1359.13,0
2025-01-25,1608.2,91.0,1359.32,0
2025-01-26,1608.0,91.0,1359.49,0
2025-01-27,1607.8,90.99,1359.64,0
2025-01-28,1607.5,90.97,1359.76,0
2025-01-29,1607.3,90.96,1359.85,0
2025-01-30,1607.0,90.94,1359.93,0
2025-01-31,1606.7,90.91,1359.97,0
2025-02-01,1606.4,90.88,1360.0,0
2025-02-02,1606.1,90.85,1360.0,0
2025-02-03,1605.8,90.81,1359.97,0
2025-02-04,1605.5,90.77,1359.92,0
2025-02-05,1605.2,90.72,1359.84,0
2025-02-06,1605.0,90.68,1359.74,0
2025-02-07,1604.8,90.62,1359.61,0
2025-02-08,1604.5,90.57,1359.46,0
2025-02-09,1604.4,90.52,1359.29,0
2025-02-10,1604.2,90.46,1359.09,0
2025-02-11,1604.1,90.4,1358.87,0
2025-02-12,1604.0,90.33,1358.63,0
2025-02-13,1604.0,90.27,1358.37,0
2025-02-14,1604.0,90.21,1358.08,0
2025-02-15,1604.1,90.14,1357.78,0
2025-02-16,1604.2,90.07,1357.46,0
2025-02-17,1604.4,90.01,1357.11,0
2025-02-18,1604.6,89.94,1356.75,0
2025-02-19,1604.9,89.88,1356.38,0
2025-02-20,1605.2,89.81,1355.98,0
2025-02-21,1605.6,89.74,1355.58,0
2025-02-22,1606.0,89.68,1355.16,0
2025-02-23,1606.4,89.62,1354.72,0
2025-02-24,1606.9,89.56,1354.27,0
2025-02-25,1607.5,89.5,1353.82,0
2025-02-26,1608.0,89.44,1353.35,0
2025-02-27,1608.7,89.39,1352.87,0
2025-02-28,1609.3,89.34,1352.39,0
2025-03-01,1609.9,89.29,1351.9,0
2025-03-02,1610.6,89.24,1351.41,0
2025-03-03,1611.3,89.2,1350.91,0
2025-03-04,1612.0,89.16,1350.42,0
2025-03-05,1612.7,89.13,1349.92,0
2025-03-06,1613.4,89.1,1349.42,0
2025-03-07,1614.1,89.07,1348.92,0
2025-03-08,1614.8,89.05,1348.42,0
2025-03-09,1615.4,89.03,1347.93,0
2025-03-10,1616.1,89.02,1347.44,0
2025-03-11,1616.7,89.01,1346.96,0
2025-03-12,1617.3,89.0,1346.49,0
2025-03-13,1617.8,89.0,1346.03,0
2025-03-14,1618.4,89.0,1345.57,0
2025-03-15,1618.8,89.01,1345.13,0
2025-03-16,1619.3,89.02,1344.7,0
2025-03-17,1619.7,89.04,1344.28,0
2025-03-18,1620.0,89.06,1343.88,0
2025-03-19,1620.3,89.09,1343.49,0
2025-03-20,1620.6,89.12,1343.12,0
2025-03-21,1620.8,89.15,1342.77,0
2025-03-22,1621.0,89.19,1342.43,0
2025-03-23,1621.0,89.23,1342.11,0
2025-03-24,1621.1,89.27,1341.82,0
2025-03-25,1621.1,89.32,1341.54,0
2025-03-26,1621.1,89.37,1341.28,0
2025-03-27,1621.0,89.42,1341.05,0
2025-03-28,1620.9,89.48,1340.84,0
2025-03-29,1620.7,89.54,1340.65,0
2025-03-30,1620.5,89.6,1340.48,0
2025-03-31,1620.3,89.66,1340.34,0
2025-04-01,1620.1,89.72,1340.22,0
2025-04-02,1619.8,89.79,1340.13,0
2025-04-03,1619.5,89.85,1340.06,0
2025-04-04,1619.2,89.92,1340.02,0
2025-04-05,1618.9,89.98,1340.0,0
2025-04-06,1618.6,90.05,1340.01,0
2025-04-07,1618.3,90.12,1340.04,0
2025-04-08,1618.0,90.18,1340.09,0
2025-04-09,1617.8,90.25,1340.18,0
2025-04-10,1617.5,90.31,1340.28,0
2025-04-11,1617.3,90.37,1340.41,0
2025-04-12,1617.1,90.44,1340.56,0
2025-04-13,1616.9,90.49,1340.74,0
2025-04-14,1616.8,90.55,1340.94,0
2025-04-15,1616.7,90.61,1341.17,0
2025-04-16,1616.6,90.66,1341.41,0
2025-04-17,1616.6,90.71,1341.68,0
2025-04-18,1616.6,90.75,1341.96,0
2025-04-19,1616.7,90.79,1342.27,0
2025-04-20,1616.8,90.83,1342.6,0
2025-04-21,1617.0,90.87,1342.94,0
2025-04-22,1617.2,90.9,1343.31,0
2025-04-23,1617.5,90.93,1343.69,0
2025-04-24,1617.8,90.95,1344.08,0
2025-04-25,1618.2,90.97,1344.49,0
2025-04-26,1618.6,90.98,1344.92,0
2025-04-27,1619.1,90.99,1345.35,0
2025-04-28,1619.6,91.0,1345.8,0
2025-04-29,1620.1,91.0,1346.26,0
2025-04-30,1620.7,91.0,1346.73,0
