start_date,announced_date,source,note
2008-10-07,2008-06-08,https://law.go.kr/LSW/lsRvsRsnListP.do?lsId=002619&chrClsCd=010202&lsRvsGubun=all,추정: 6/8 고유가 종합대책. 교통세↔주행세 이동이라 총 유류세 거의 불변
2009-01-01,2008-03-03,https://www.hankookilbo.com/news/article/200803041523470151,예정 만료: 2008-03-03 국무회의에서 12/31 종료 확정
2009-05-21,2009-04-03,https://opinion.lawmaking.go.kr/lmSts/govLm/2000000004380/detailRP,입법예고. 교통세↔주행세 이동이라 총 유류세 거의 불변
2018-11-06,2018-10-24,https://www.kukinews.com/article/view/kuk201810240073,경제관계장관회의 15% 인하 발표
2019-05-07,2019-04-12,https://www.newsis.com/view/NISX20190412_0000618870,단계적 환원방안 발표(7%로 축소)
2019-09-01,2019-04-12,https://www.newsis.com/view/NISX20190412_0000618870,예정 만료: 4/12 발표에서 9/1 환원 확정
2021-11-12,2021-10-26,https://biz.newdaily.co.kr/site/data/html/2021/10/27/2021102700033.amp.html,20% 인하 발표
2022-05-01,2022-04-05,https://newstomato.com/ReadNews.aspx?no=1115320,30% 확대 발표
2022-07-01,2022-06-19,https://www.imaeil.com/page/view/2022061920312483022,37% 확대 발표(비상경제장관회의)
2024-07-01,2024-06-17,https://www.etoday.co.kr/news/view/2370556,경유 37→30%
2024-11-01,2024-10-23,https://mobile.newsis.com/view/NISX20241023_0002930295,경유 30→23%
2025-05-01,2025-04-22,https://www.segye.com/newsView/20250422519815,경유 23→15%
2025-11-01,2025-10-22,https://www.khan.co.kr/article/202510220804001,경유 15→10%
2026-03-27,2026-03-26,재경부 2026-03-26 비상경제 대응방안; 대통령령 제36235호 부칙(3/27 소급),25% 확대
