start_date,end_date,flexible_tax_krw_per_l,cut_rate_pct,source
2020-01-01,2021-11-11,529,0.0,인하 미시행 (기본 탄력세율 529원/L)
2021-11-12,2022-04-30,423,20.0,교통·에너지·환경세법 시행령 대통령령 제32115호
2022-05-01,2022-06-30,370,30.1,대통령령 제32603호
2022-07-01,2022-12-31,332.5,37.1,대통령령 제32736호
2023-01-01,2024-06-30,396.7,25.0,대통령령 제33182호; 기한 연장 제33439·33694·33833·34063·34282·34454호
2024-07-01,2024-10-31,423,20.0,대통령령 제34615호; 기한 연장 제34866호
2024-11-01,2025-04-30,450,14.9,대통령령 제34977호; 기한 연장 제35130호 등 (제35488호 개정이유에 4월 30일까지 시행 명시)
2025-05-01,2025-10-31,476,10.0,대통령령 제35488호; 기한 연장 제35613·35722호
2025-11-01,2026-03-31,492,7.0,대통령령 제35836호; 기한 연장 제36004·36145호
2026-04-01,2026-11-30,450,14.9,대통령령 제36235호; 기한 연장 제36360·36544·36733호
